objectid,census_tract,num_props,min_period,max_period,principal,interest,penalty,other,balance,avg_balance
1,42101000101,52,1985,2025,866606.43,96788.55,35545.76,30954.16,1029894.9,19805.67
2,42101000102,89,1978,2025,524935.67,119437.96,19093.59,76107.04,739574.26,8309.82
3,42101000200,35,2020,2025,859308.69,103068.4,39420.52,50726.91,1052524.52,30072.13
4,42101000300,20,1982,2025,553206.8,94825.07,22884.9,5126.52,676043.29,33802.16
5,42101000401,94,1986,2025,842528.2,72589.13,33157.43,20942.12,969216.88,10310.82
6,42101000403,11,2018,2025,213531.56,33464.15,11330.34,31896.75,290222.8,26383.89
7,42101000404,8,2020,2025,273928.92,13536.41,7939.11,2939.57,298344.01,37293
8,42101000500,12,1978,2025,230495.63,71428.98,3996.17,7639.53,313560.31,26130.03
9,42101000600,17,2020,2025,503642.76,40321.23,17833.43,20927.24,582724.66,34277.92
10,42101000701,14,2022,2025,111264.83,9740.15,4456.67,6093.14,131554.79,9396.77
11,42101000702,12,2009,2025,114910.45,7684.87,3671.3,6754.95,133021.57,11085.13
12,42101000801,19,2019,2025,135944.84,10234.14,3451.01,4715.66,154345.65,8123.46
13,42101000803,61,2010,2025,460807.66,32336.95,15939.47,31970.36,541054.44,8869.74
14,42101000805,26,1998,2025,479476.41,31186.85,10663.49,8798.22,530124.97,20389.42
15,42101000806,32,2019,2025,215115.56,16004.36,7764.46,17533.2,256417.58,8013.05
16,42101000901,37,1978,2025,1093619.97,66185.36,43027.03,11705.47,1214537.83,32825.35
17,42101000902,20,1985,2025,231574.14,9654.11,4503.75,13585.64,259317.64,12965.88
18,42101001001,46,1998,2025,338987.11,9390.71,6035.37,10263.69,364676.88,7927.76
19,42101001002,79,1981,2025,807979.13,65702.63,23890.8,65173.83,962746.39,12186.66
20,42101001101,96,1997,2025,726836.01,66666.54,29017.56,43026.38,865546.49,9016.11
21,42101001102,24,2003,2025,156133.45,10555.83,4932.34,17123.49,188745.11,7864.38
22,42101001201,44,2011,2025,543695.61,78991.58,28061.01,37006.45,687754.65,15630.79
23,42101001203,11,2023,2025,135489.98,4516.16,2965.73,6005.89,148977.76,13543.43
24,42101001204,45,2014,2025,1332429.08,84539.45,49452.87,22659.58,1489080.98,33090.69
25,42101001301,71,1995,2025,2104145.73,130774.7,72909.38,66943.75,2374773.56,33447.51
26,42101001302,108,1986,2025,727916.22,65302.91,14775.93,58108.41,866181.57,8020.2
27,42101001400,94,1982,2025,1126854.21,95533.55,29558.3,79360.73,1331306.79,14162.84
28,42101001500,75,1982,2025,1263985.71,180811.74,45493.86,104408.97,1594700.28,21262.67
29,42101001600,57,1979,2025,515134.54,23111.09,8612.32,20788.87,567646.82,9958.72
30,42101001700,47,2007,2025,635714.26,68617.06,21476.71,28434.88,754242.91,16047.72
31,42101001800,94,1983,2025,615797.44,135328.39,23522.65,63008.76,837657.24,8911.25
32,42101001900,93,1989,2025,1139805.93,122273.11,38394.42,81821.55,1382295.01,14863.39
33,42101002000,197,1978,2025,836864.67,115189.32,28176.63,158394.06,1138624.68,5779.82
34,42101002100,150,1997,2025,875555.47,93022.16,27370.88,101787.72,1097736.23,7318.24
35,42101002200,126,1984,2025,766271.91,95420.24,22876.87,102160.92,986729.94,7831.19
36,42101002300,49,1989,2025,349136.32,89486.11,10339.9,20545.82,469508.15,9581.8
37,42101002400,125,1983,2025,659264.72,88183.51,20872.69,67616.26,835937.18,6687.5
38,42101002500,92,1978,2025,815412.93,120856.43,22881.99,90589.34,1049740.69,11410.22
39,42101002701,98,1991,2025,617528.4,48267.64,18559.5,64218.05,748573.59,7638.51
40,42101002702,117,1997,2025,483854.41,46888,16147.98,55670.5,602560.89,5150.09
41,42101002801,74,1992,2025,661099.81,44358.95,15507.9,69654.52,790621.18,10684.07
42,42101002802,92,2000,2025,872748.43,86542.56,22961.62,61646.97,1043899.58,11346.73
43,42101002900,83,2005,2025,574456.61,48542.74,17193.19,37883.64,678076.18,8169.59
44,42101003001,121,2003,2025,672939.6,66593.7,24550.47,86004.83,850088.6,7025.53
45,42101003002,139,1995,2025,804724.26,54395.04,18177.17,92653.91,969950.38,6978.06
46,42101003100,337,1980,2025,1462209.76,185639.44,55754.63,264557.61,1968161.44,5840.24
47,42101003200,403,1978,2025,1864391.4,301370.57,67863.37,312216.59,2545841.93,6317.23
48,42101003300,493,1978,2025,1769260.97,322902.69,73073.54,425660.39,2590897.59,5255.37
49,42101003600,146,1996,2025,985214.03,165376.81,48143.55,154380.55,1353114.94,9267.91
50,42101003701,261,1997,2025,1046920.18,171926.57,38467.13,200968.35,1458282.23,5587.29
51,42101003702,100,2008,2025,425936.51,39230.1,13433.24,58916.86,537516.71,5375.17
52,42101003800,82,2008,2025,1310375.08,153368.21,47001.92,60787.85,1571533.06,19165.04
53,42101003901,147,1997,2025,961052.12,101585.67,31305.51,109726.53,1203669.83,8188.23
54,42101003902,99,1995,2025,456999.59,30089.05,10584.5,49700.79,547373.93,5529.03
55,42101004001,87,1997,2025,488292.2,41207.8,13091.32,52705.24,595296.56,6842.49
56,42101004002,123,2004,2025,699630.95,55034.8,19300.79,77589.8,851556.34,6923.22
57,42101004101,232,1983,2025,1279301.97,138540.51,38740.51,192392.73,1648975.72,7107.65
58,42101004103,87,1997,2025,317728.58,47513.01,13692.18,54389.26,433323.03,4980.72
59,42101004104,95,1985,2025,381364.34,51164.65,12889.8,80067.06,525485.85,5531.43
60,42101004201,148,1995,2025,769610.74,73701.55,22723.97,108336.9,974373.16,6583.6
61,42101004202,127,1982,2025,689074.27,130285.57,18548.97,86895.35,924804.16,7281.92
62,42101005400,27,1978,2025,154239.75,34066.85,3489.26,29210.04,221005.9,8185.4
63,42101005500,141,1997,2025,678298.47,75527.45,21373.67,122439.76,897639.35,6366.24
64,42101005600,33,1997,2025,115303.19,37997.43,5929.77,36462.45,195692.84,5930.09
65,42101006000,234,1988,2025,871317,187792.88,34466.05,192042.3,1285618.23,5494.1
66,42101006100,88,1999,2025,262587,51283.83,11617.56,49190.67,374679.06,4257.72
67,42101006200,163,1993,2025,485892.61,106726.2,22958.3,113506.99,729086.1,4472.92
68,42101006300,298,1987,2025,1143859.34,408459.11,58750.89,318168.13,1929237.47,6473.95
69,42101006400,255,1978,2025,830366.21,260537.73,40783.35,286801.83,1418536.08,5562.89
70,42101006500,476,1985,2025,1756914,736702.45,79634.65,592098.44,3165419.61,6650.04
71,42101006600,429,1983,2025,1328507.36,719105.54,71489.07,650406.92,2769508.89,6455.73
72,42101006700,412,1985,2025,1407957.97,389641.9,63881.35,379066.72,2240547.94,5438.22
73,42101007000,379,1982,2025,1146564.66,421440.96,52771.09,380233.64,2001010.35,5279.71
74,42101007101,232,1991,2025,780542.27,210387.17,36711.48,207454.32,1235095.24,5323.69
75,42101007102,425,1988,2025,1444790.83,474278.91,62879.59,418811.44,2400760.77,5648.85
76,42101007200,343,1983,2025,1346732.66,336562.97,60050.86,289349.47,2032695.96,5926.23
77,42101007300,267,1978,2025,1283700.49,265805.97,48373.63,217724.67,1815604.76,6800.02
78,42101007400,487,1978,2025,1801854.2,435690.61,69377.37,432594.74,2739516.92,5625.29
79,42101007700,75,1978,2025,265320.96,65158.99,9490.1,47652.52,387622.57,5168.3
80,42101007800,74,1989,2025,1088906.91,102199.75,31341.39,87465.87,1309913.92,17701.54
81,42101007900,73,1992,2025,818905.34,71454.01,19579.83,58948.05,968887.23,13272.43
82,42101008000,257,1985,2025,1513983.23,165641.31,41520,215792.33,1936936.87,7536.72
83,42101008101,223,1990,2025,851109.09,221797,31971.42,206685.22,1311562.73,5881.45
84,42101008102,372,1985,2025,1542507.49,259987.8,41082.44,317980.38,2161558.11,5810.64
85,42101008200,453,1978,2025,1933543.05,484212.47,65245.78,397794.59,2880795.89,6359.37
86,42101008301,245,1984,2025,771192.82,213058.01,30682.38,213389.12,1228322.33,5013.56
87,42101008302,364,1978,2025,1235125.99,341475.25,53545.32,306493.79,1936640.35,5320.44
88,42101008400,370,1986,2025,1387090.17,273868.35,49187.95,303034.64,2013619.27,5442.21
89,42101008500,547,1978,2025,2832831.61,755263.44,113585.73,520139.05,4221819.83,7718.13
90,42101008601,43,2001,2025,606641.75,46717.21,19674.65,51135.78,724169.39,16841.15
91,42101008602,87,1997,2025,854613.42,90078.17,22332.26,89132.06,1056155.91,12139.72
92,42101008701,49,1997,2025,559791.19,56118.04,19008.89,46830.89,681749.01,13913.25
93,42101008702,37,2018,2025,772686.78,27462.89,22023.61,35477.3,857650.58,23179.75
94,42101008801,1,2025,2025,5236.63,117.81,104.74,107.45,5566.63,5566.63
95,42101008802,20,2015,2025,386242.64,8548.32,5242.07,10701.75,410734.78,20536.74
96,42101009000,77,1992,2025,1046584.8,161703.7,37617.45,93757.87,1339663.82,17398.23
97,42101009100,58,1995,2025,1009545.6,75286.24,21920.6,51364.13,1158116.57,19967.53
98,42101009200,114,1978,2025,853949.47,71485.69,22525.13,83426.74,1031387.03,9047.25
99,42101009300,426,1978,2025,1457238.19,451641.85,71890.16,423035.94,2403806.14,5642.74
100,42101009400,336,1978,2025,869726.84,301407.38,38516.78,295842.95,1505493.95,4480.64
101,42101009500,363,1983,2025,1016732.03,310394.62,45429.84,327004.11,1699560.6,4681.99
102,42101009600,419,1988,2025,1429872.17,379740.83,61323.6,397161.58,2268098.18,5413.12
103,42101009801,31,2003,2025,142956.96,12077.91,4615.1,20095.68,179745.65,5798.25
104,42101009802,80,1997,2025,377894.2,54175.15,9495.03,54196.18,495760.56,6197.01
105,42101010000,142,1997,2025,685948.24,93824.7,21709.47,96797.57,898279.98,6325.92
106,42101010100,446,1982,2025,2134392.27,605979.44,91136.91,485589.19,3317097.81,7437.44
107,42101010200,253,1978,2025,778588.78,407986.47,37589.41,289450.68,1513615.34,5982.67
108,42101010300,264,1992,2025,877145.09,315698.69,44053.06,283634.28,1520531.12,5759.59
109,42101010400,377,1986,2025,1185392.48,534848.77,59093.69,466842.66,2246177.6,5958.03
110,42101010500,236,1978,2025,778931.22,193914.98,34675.49,223293.93,1230815.62,5215.32
111,42101010600,228,1978,2025,1143987.01,358590.85,56622.68,217630.24,1776830.78,7793.12
112,42101010700,373,1978,2025,1170429.52,268465.83,48880.84,315527.14,1803303.33,4834.59
113,42101010800,414,1986,2025,1647559.2,422038.74,70743.16,394261.74,2534602.84,6122.23
114,42101010900,112,1978,2025,520613.35,72155.19,16083.74,64146.81,672999.09,6008.92
115,42101011000,373,1983,2025,1373341.97,354333.24,66698.51,380682.3,2175056.02,5831.25
116,42101011100,568,1978,2025,2062412.09,640914.08,98203.26,546301.8,3347831.23,5894.07
117,42101011200,493,1981,2025,1601726.9,494614.39,65077.32,446743.63,2608162.24,5290.39
118,42101011300,250,1991,2025,942974.78,194692.83,29796.59,213585.86,1381050.06,5524.2
119,42101011400,347,1987,2025,1956822.41,250550.83,53691.68,296759.54,2557824.46,7371.25
120,42101011500,108,1997,2025,458934.9,83072.19,17902.25,103144.88,663054.22,6139.39
121,42101011700,52,1986,2025,454749.17,134681.21,8991.98,43507.28,641929.64,12344.8
122,42101011800,295,1990,2025,1448333.03,267599.02,41089.08,239169.29,1996190.42,6766.75
123,42101011900,297,1994,2025,1531748.24,315816.97,51830.6,268499.44,2167895.25,7299.31
124,42101012000,48,1987,2025,637190.31,229347.58,25366.78,96298.87,988203.54,20587.57
125,42101012100,47,1980,2025,199135.48,31422.35,5214.4,24745.58,260517.81,5542.93
126,42101012204,82,2001,2025,238678.07,81476.7,10804.14,39667.45,370626.36,4519.83
127,42101012501,7,2019,2025,563861.1,52719.91,26270,13257.75,656108.76,93729.82
128,42101012502,23,2018,2025,224674.04,28440.54,8198.57,10913.24,272226.39,11835.93
129,42101013100,33,1980,2025,644241.19,72895.31,21596.6,47584.8,786317.9,23827.82
130,42101013200,128,1978,2025,482106.57,116956.91,17148.88,68833.56,685045.92,5351.92
131,42101013300,76,1978,2025,826088.54,129579.57,26796.18,60526.13,1042990.42,13723.56
132,42101013401,41,2010,2025,316277.67,27793.38,8868.13,26058.71,378997.89,9243.85
133,42101013402,36,2002,2025,280349.47,30882.72,9047.1,17796.94,338076.23,9391.01
134,42101013500,98,1985,2025,864357.46,106691.21,21524.29,80775.76,1073348.72,10952.54
135,42101013601,39,2014,2025,247701.95,10871.36,6103.81,17987.44,282664.56,7247.81
136,42101013602,41,1992,2025,408156.06,51606.43,14082.98,29928.37,504698.03,12309.71
137,42101013701,88,1989,2025,319179.11,39431.63,8499.99,51172.59,418283.42,4753.22
138,42101013702,268,1990,2025,994798.85,124049.05,30615.24,191868.68,1341331.82,5004.97
139,42101013800,171,1978,2025,724498.03,152090.34,25041.06,142132.86,1043762.29,6103.87
140,42101013900,100,1978,2025,656303.78,82557.48,24648.19,82734.03,846243.48,8462.43
141,42101014000,203,1978,2025,1951949.36,259070.74,67871.64,207809.33,2486701.07,12249.76
142,42101014100,99,1978,2025,1036971.13,123888.02,31966.5,62053.75,1254879.4,12675.55
143,42101014201,89,1980,2025,507313.89,38683.96,11326.39,39125.07,596449.31,6701.68
144,42101014202,103,1997,2025,1189367.11,154000.42,41968.15,119871.47,1505207.15,14613.66
145,42101014300,70,1978,2025,656814.99,79291.05,19702.32,74224.88,830033.24,11857.62
146,42101014400,242,1978,2025,1878138.94,225050.66,60425.34,233064.37,2396679.31,9903.63
147,42101014500,88,1978,2025,310270.61,66478.94,12535.36,74457.69,467040.63,5307.28
148,42101014600,88,1993,2025,1033319.18,104819,23140.96,98268.98,1259548.12,14313.05
149,42101014700,126,1978,2025,1783515.73,395920.18,89985.7,206576.65,2475998.26,19650.78
150,42101014800,100,1978,2025,485902.03,131564.81,21942.96,107526.48,746936.28,7469.36
151,42101014900,495,1978,2025,1645190.83,398600.12,68044.15,468935.05,2580770.15,5213.68
152,42101015101,221,1978,2025,614731.35,133405.74,26738.7,209852.29,984728.08,4455.78
153,42101015102,555,1978,2025,1470979.48,489792.91,69286.48,592856.55,2622915.9,4725.97
154,42101015200,530,1978,2025,1904927.01,535542.77,80089.92,674119.39,3194679.09,6027.7
155,42101015300,176,1979,2025,1026086.52,144480.18,41092.29,152404.36,1364063.35,7750.36
156,42101015600,282,1978,2025,1392056.64,272257.01,50420.78,356524.71,2071259.14,7344.89
157,42101015700,251,1979,2025,1364162.68,142600.01,51418.44,158001.95,1716183.08,6837.38
158,42101015800,210,1985,2025,1323686.76,134237.51,35738.38,137105.1,1631223.96,7767.73
159,42101016001,132,2000,2025,848102.59,74113.9,27199.76,74220.72,1023636.97,7754.83
160,42101016002,159,1998,2025,923985.87,128298.16,31089.69,104374.03,1187747.75,7470.11
161,42101016100,377,1978,2025,1657648.5,248900.77,56355.43,304667.86,2267572.56,6014.78
162,42101016200,349,1978,2025,1091862.76,287685.88,44937.61,442879.76,1867366.01,5350.62
163,42101016300,508,1978,2025,1390422.25,242581.35,56258.54,444638.84,2133900.98,4200.59
164,42101016400,534,1978,2025,1178720.14,383348.29,56869.7,513239.72,2132177.85,3992.84
165,42101016500,455,1978,2025,1366533.43,501168.52,67779.7,595073.54,2530555.19,5561.66
166,42101016600,181,1978,2025,583512.86,149202.97,26003.49,182681.57,941400.89,5201.11
167,42101016701,529,1978,2025,1417440.48,820796.47,75746.88,775284.39,3089268.22,5839.83
168,42101016702,531,1978,2025,1628668.36,699644.87,80491.89,697745.1,3106550.22,5850.38
169,42101016800,746,1978,2025,2153240.68,1132538.19,108563.72,1074267.23,4468609.82,5990.09
170,42101016901,840,1978,2025,2475035.17,1441165.62,134959.56,1298159.09,5349319.44,6368.24
171,42101016902,1015,1978,2025,2745522.35,1503990.95,146146.4,1382619.93,5778523.35,5693.13
172,42101017000,175,1984,2025,1035249.77,151352.52,35227.89,126237.37,1348067.55,7703.24
173,42101017100,452,1978,2025,1914450.46,671482.71,87831.63,507765.22,3181532.78,7038.79
174,42101017201,480,1978,2025,1332044.77,791388.96,67411.17,551839.31,2742684.21,5713.93
175,42101017202,623,1978,2025,1653314.83,956992.46,86719.75,706174.2,3403201.24,5462.6
176,42101017300,482,1981,2025,1846257.82,768893.58,90917.44,507986.57,3214055.41,6668.16
177,42101017400,489,1978,2025,1574952.65,734140.88,78036.17,773460.92,3160590.62,6463.38
178,42101017500,946,1978,2025,1924241.6,836846.43,98016.39,1010501.25,3869605.67,4090.49
179,42101017601,864,1978,2025,1533310.22,515327.97,75183.08,786918.44,2910739.71,3368.91
180,42101017602,408,1980,2025,905916.82,306763.45,45800.45,327801.86,1586282.58,3887.95
181,42101017701,346,1980,2025,800966.46,291979.85,38298.05,307594.18,1438838.54,4158.49
182,42101017702,626,1978,2025,1485938.01,549583.81,71038.58,589551.08,2696111.48,4306.89
183,42101017800,660,1978,2025,1848911.89,485706.89,82102.47,564009.62,2980730.87,4516.26
184,42101017900,401,1978,2025,1355009.96,253888.08,52384.99,354151.47,2015434.5,5026.02
185,42101018001,115,1997,2025,469236.58,44489.18,13735.19,73840.49,601301.44,5228.71
186,42101018002,169,1987,2025,914565.27,118931.98,29688.23,128967.74,1192153.22,7054.16
187,42101018300,117,1998,2025,801665.68,79037.06,18548.77,98581.03,997832.54,8528.48
188,42101018400,74,1997,2025,407116.96,49792.23,12525.85,47219.55,516654.59,6981.82
189,42101018801,265,1989,2025,751953.74,150990.74,34664.25,196845.79,1135048.34,4283.2
190,42101018802,177,1993,2025,558383.25,98029.83,22963.49,129429.45,808806.02,4569.53
191,42101019000,169,1978,2025,718728.36,116814.89,24070.44,128183.78,987797.47,5844.96
192,42101019100,214,1984,2025,864560.48,198688.86,31701.71,172067.89,1267018.94,5920.65
193,42101019200,568,1978,2025,1689457.7,664590.75,81282.42,537778.43,2973109.3,5234.35
194,42101019501,407,1978,2025,806832.05,292570.37,42244.37,378398.07,1520044.86,3734.75
195,42101019502,361,1978,2025,804090.68,267101.55,39900.67,287171.42,1398264.32,3873.31
196,42101019700,419,1987,2025,935503.17,236823.95,46410.66,297363.78,1516101.56,3618.38
197,42101019800,495,1978,2025,1567252.02,628020.97,74252.78,470394.15,2739919.92,5535.19
198,42101019900,508,1977,2025,1451005.24,586344.35,73950.83,584127.52,2695427.94,5305.96
199,42101020000,154,1978,2025,552030.07,223540.01,31698.81,177941.65,985210.54,6397.47
200,42101020101,437,1978,2025,1473518.66,451816.12,66702.92,440347.36,2432385.06,5566.1
201,42101020102,377,1982,2025,1437522.31,459553.39,66419.3,381769.81,2345264.81,6220.86
202,42101020200,689,1978,2025,3086541.5,1240958.73,158944.96,922138.16,5408583.35,7849.9
203,42101020300,464,1978,2025,1905344.87,648649.56,95933.35,552428.24,3202356.02,6901.63
204,42101020400,385,1980,2025,1330267.35,737718.8,65693.65,467220.6,2600900.4,6755.59
205,42101020500,362,1984,2025,1240898.73,514244.33,63831.93,442698.59,2261673.58,6247.72
206,42101020600,8,1984,2025,71747.83,33365.98,2691.87,17730.79,125536.47,15692.06
207,42101020701,80,1978,2025,433250.92,67398.86,16770.91,76879.21,594299.9,7428.75
208,42101020702,17,2012,2025,169869.69,2621.1,1290.31,5979.59,179760.69,10574.16
209,42101020800,21,2001,2025,93298.41,10651.62,3841.63,14394.79,122186.45,5818.4
210,42101020900,45,2000,2025,390665.34,57191.84,14334.2,48086.48,510277.86,11339.51
211,42101021000,100,1978,2025,706095.81,163145.16,28085.99,138236.23,1035563.19,10355.63
212,42101021100,35,2001,2025,232528.78,23893.73,5663.18,32444.11,294529.8,8415.14
213,42101021200,46,1993,2025,178257.58,21558.92,4579.57,35078.45,239474.52,5205.97
214,42101021300,56,1997,2025,387117.64,36101.99,10119.11,43916.92,477255.66,8522.42
215,42101021400,119,1979,2025,646646.01,127378.35,24755.36,112916.16,911695.88,7661.31
216,42101021500,118,1978,2025,547572.05,117425.2,22025.54,115179.02,802201.81,6798.32
217,42101021600,34,1978,2025,401146.23,220750.3,19087.68,61108.09,702092.3,20649.77
218,42101021700,56,1985,2025,500981.33,77908.89,12690.36,52363.77,643944.35,11499.01
219,42101021800,34,1979,2025,291501.02,81045.83,11671.26,44491.01,428709.12,12609.09
220,42101021900,29,1997,2025,162958.39,15043.11,2102.84,20147.57,200251.91,6905.24
221,42101022000,16,2004,2025,170778.94,29334.54,4046.41,13865.01,218024.9,13626.56
222,42101023100,11,2017,2025,139446.12,31767.83,6904.61,11084.53,189203.09,17200.28
223,42101023500,25,1984,2025,267447.95,13509.21,3023.99,21875.21,305856.36,12234.25
224,42101023600,36,2004,2025,476354.08,68172.26,13573.66,26728.96,584828.96,16245.25
225,42101023700,104,1991,2025,1060695.87,113164,18538.86,81749.41,1274148.14,12251.42
226,42101023800,130,1978,2025,866685.51,151684.73,24713.02,123605.96,1166689.22,8974.53
227,42101023900,9,2016,2025,77255.09,3696.32,2023.23,6147.4,89122.04,9902.45
228,42101024000,118,1988,2025,746765.88,179575.82,25041.96,111359.66,1062743.32,9006.3
229,42101024100,35,1997,2025,183575.61,54723.4,8121.24,41721.09,288141.34,8232.61
230,42101024200,239,1978,2025,1208178.76,352327.05,42905.87,298667.76,1902079.44,7958.49
231,42101024300,157,1987,2025,723014.19,211595.2,26292.67,163792.15,1124694.21,7163.66
232,42101024400,256,1978,2025,1256879.07,303287.97,44488.62,274876.83,1879532.49,7341.92
233,42101024500,429,1978,2025,1766844.22,804545.86,86023.15,540399.31,3198526.55,7455.77
234,42101024600,191,1978,2025,1321510.96,386254.54,54237.22,271641.93,2033644.65,10647.35
235,42101024700,395,1978,2025,1652792.75,923140,81118.22,572739.3,3229790.27,8176.68
236,42101024800,148,1993,2025,604258.14,147447.99,20573.14,156901.24,929180.51,6278.25
237,42101024900,252,1986,2025,1167334.81,378430.09,46010.36,255370.66,1847145.92,7329.94
238,42101025200,367,1990,2025,1858720.47,400131.37,62626.65,333842.14,2655320.63,7235.21
239,42101025300,283,1979,2025,1476704.03,288868.41,45997.5,255147.55,2066717.49,7302.89
240,42101025400,138,1997,2025,932343.08,156519.7,30164.93,107773.99,1226801.7,8889.87
241,42101025500,88,1978,2025,843254.59,47561.65,17268.61,77689.45,985774.3,11201.98
242,42101025600,30,1998,2025,308765.69,54230.37,8124.75,26323.44,397444.25,13248.14
243,42101025700,39,2008,2025,275238.42,55211.66,10068.23,28282.41,368800.72,9456.43
244,42101025800,44,2009,2025,321198.44,22282.43,6068.75,25959.95,375509.57,8534.31
245,42101025900,186,1994,2025,1236278.26,81322.68,23487.41,132062.53,1473150.88,7920.17
246,42101026000,112,2000,2025,620670.97,56126.48,20427.47,79110.93,776335.85,6931.57
247,42101026100,100,1978,2025,752902.25,78440.93,15103.22,77949.27,924395.67,9243.96
248,42101026200,132,1995,2025,827394,70382.91,14566.93,89430.56,1001774.4,7589.2
249,42101026301,163,1999,2025,903306.74,85642.13,15846.37,106393.38,1111188.62,6817.11
250,42101026302,250,1996,2025,1489341.98,151880.29,38423.33,191451,1871096.6,7484.39
251,42101026400,249,1997,2025,1441814.56,128911.83,27989.78,179989.51,1778705.68,7143.4
252,42101026500,286,1978,2025,1707915.2,380312.15,52889.19,271388.54,2412505.08,8435.33
253,42101026600,311,1994,2025,1710500.48,214387.43,43616.61,215022.57,2183527.09,7020.99
254,42101026700,363,1979,2025,1809695.8,271426.07,48605.76,301906.12,2431633.75,6698.72
255,42101026800,107,1981,2025,805731.13,187046.75,26505.33,111869.96,1131153.17,10571.52
256,42101026900,40,1997,2025,329307.91,72528.67,7558.49,45240.49,454635.56,11365.89
257,42101027000,57,1997,2025,487036.18,25161.61,8283.35,45315.67,565796.81,9926.26
258,42101027100,31,1995,2025,108988.75,14387.48,3683.85,15099.11,142159.19,4585.78
259,42101027200,76,2008,2025,225884.02,21003.2,7018.54,36001.88,289907.64,3814.57
260,42101027300,124,1997,2025,484771.84,87742.31,18862.79,90555.67,681932.61,5499.46
261,42101027401,81,1997,2025,226918.07,34091.55,8770.68,50396.82,320177.12,3952.8
262,42101027402,156,1992,2025,530173.22,90580.8,17249.91,114241.07,752245,4822.08
263,42101027500,139,1988,2025,694511.92,84509.23,16438.07,102946.84,898406.06,6463.35
264,42101027600,191,1980,2025,1138015.31,334012.84,43269.92,226416.67,1741714.74,9118.93
265,42101027700,337,1978,2025,1435853.69,400205.53,47879.22,370386.89,2254325.33,6689.39
266,42101027800,230,1994,2025,1187730.43,226532.24,41128.91,205518.61,1660910.19,7221.35
267,42101027901,363,1978,2025,1582006.29,530496.48,58638.2,440072.57,2611213.54,7193.43
268,42101027902,120,1986,2025,480741.37,151347.81,16391.43,114189.5,762670.11,6355.58
269,42101028000,402,1984,2025,1351712.42,471843.48,55287.16,389796.77,2268639.83,5643.38
270,42101028100,277,1978,2025,1107765.77,377138.99,42050.13,290048.39,1817003.28,6559.58
271,42101028200,228,1991,2025,811577.75,170826.13,30905.06,176254.13,1189563.07,5217.38
272,42101028300,435,1979,2025,2000171.42,643903.91,83478.67,511312.65,3238866.65,7445.67
273,42101028400,307,1978,2025,1196083.21,498734.3,51394.42,378598.57,2124810.5,6921.21
274,42101028500,92,1996,2025,295893.32,61871.95,14752.56,79085.09,451602.92,4908.73
275,42101028600,306,1996,2025,961997.84,196505.73,36743.53,249461.49,1444708.59,4721.27
276,42101028700,144,1978,2025,493104.67,148776.43,21304.48,128597.85,791783.43,5498.5
277,42101028800,224,1992,2025,768397.82,182463.09,39085.94,185821.76,1175768.61,5248.97
278,42101028901,124,1997,2025,346065.15,82043.35,13594.14,82013.55,523716.19,4223.52
279,42101028902,163,1997,2025,537193.15,107593.22,21237.22,110806.53,776830.12,4765.83
280,42101029000,154,1978,2025,618849.11,151869.45,24359.06,131309.95,926387.57,6015.5
281,42101029100,86,1978,2025,1282604.09,138848.58,41188.5,80828.33,1543469.5,17947.32
282,42101029200,103,1997,2025,385477.95,30518.92,10896.06,61779.29,488672.22,4744.39
283,42101029300,208,1983,2025,842786.56,328469.94,43957.53,256592.98,1471807.01,7076
284,42101029400,303,1978,2025,958097.54,283621.25,42606.53,308862.92,1593188.24,5258.05
285,42101029800,128,1997,2025,354575.98,42810.25,12829.27,85978.77,496194.27,3876.52
286,42101029900,227,1980,2025,789933.49,262273.49,36424.52,231512.87,1320144.37,5815.61
287,42101030000,424,1978,2025,1487840.39,510065.8,67860.06,423678.08,2489444.33,5871.33
288,42101030100,151,1985,2025,1046461.96,404156.45,46960.54,214597.49,1712176.44,11338.92
289,42101030200,121,1997,2025,518563.06,56888.65,17404.03,75114.48,667970.22,5520.42
290,42101030501,84,2001,2025,305886.2,82228.74,11899.67,65754.44,465769.05,5544.87
291,42101030502,78,1997,2025,399764.66,48273.74,11692.91,63686.75,523418.06,6710.49
292,42101030600,87,1997,2025,377669.31,83443.59,19470.01,72500.66,553083.57,6357.28
293,42101030700,40,1997,2025,270142.52,20622.12,5226.66,33610.41,329601.71,8240.04
294,42101030800,53,1995,2025,267684.38,33495.68,7589.37,36593.03,345362.46,6516.27
295,42101030900,31,1988,2025,194788.93,16673.53,4323.73,28468.97,244255.16,7879.2
296,42101031000,62,1997,2025,331777.3,61445.56,14851.4,59741.13,467815.39,7545.41
297,42101031101,71,2010,2025,239259.85,27557.92,9707.66,41054.43,317579.86,4472.96
298,42101031102,64,2012,2025,219089.12,20951.22,7401.43,35230.11,282671.88,4416.75
299,42101031200,43,1993,2025,140163.11,6491.1,2740.83,17764.23,167159.27,3887.42
300,42101031300,80,1997,2025,442253.79,71467.83,13461.58,50514.04,577697.24,7221.22
301,42101031401,52,2003,2025,216946.24,8372.03,4116.23,23059.22,252493.72,4855.65
302,42101031402,61,2006,2025,222007.04,29585.72,8012.55,27431.36,287036.67,4705.52
303,42101031501,59,2012,2025,259464.35,28157.74,8161.29,39446.25,335229.63,5681.86
304,42101031502,48,2004,2025,210736.02,31527.47,8142.89,34375.48,284781.86,5932.96
305,42101031600,67,1988,2025,334506.66,87825.19,14283.49,54108.58,490723.92,7324.24
306,42101031700,84,1990,2025,319373.87,56511.69,10869.84,52741.17,439496.57,5232.1
307,42101031800,84,1997,2025,204671.05,42667.82,8182.68,72407.62,327929.17,3903.92
308,42101031900,110,1997,2025,355183.65,48839.57,11213.41,64335.19,479571.82,4359.74
309,42101032000,107,2004,2025,365069.2,62657.2,13559.4,61586.61,502872.41,4699.74
310,42101032100,133,1997,2025,588909.1,108671.29,23655.77,108572.19,829808.35,6239.16
311,42101032300,80,1997,2025,318975.69,50735.15,10518.58,55353.1,435582.52,5444.78
312,42101032500,124,1997,2025,522792.85,112505.72,17820.71,104562.67,757681.95,6110.34
313,42101032600,113,2001,2025,445181.15,32031.4,11864.98,67497.4,556574.93,4925.44
314,42101032900,99,1997,2025,416781.53,85072.11,13905.87,86333.49,602093,6081.75
315,42101033000,139,1997,2025,519660.49,98007.82,15655.44,95251.7,728575.45,5241.55
316,42101033101,64,2010,2025,256276.63,15121.67,6161.45,22385.09,299944.84,4686.64
317,42101033102,59,1989,2025,354856.68,84270.11,21425.39,51783.35,512439.83,8685.42
318,42101033200,30,2013,2025,208137.9,4480.08,2483.08,13383.58,228484.64,7616.15
319,42101033300,36,2005,2025,452303.62,38637.4,10073.72,34814.89,535829.63,14884.16
320,42101033400,66,1999,2025,583054.44,34061.36,10028.41,53567.71,680711.92,10313.82
321,42101033500,38,2011,2025,168512.1,6863.07,3144.21,18091.34,196610.72,5173.97
322,42101033600,75,1997,2025,388472.59,29981.71,8795.72,45086.63,472336.65,6297.82
323,42101033701,49,2010,2025,233538.89,13310.32,6295.45,26493.67,279638.33,5706.9
324,42101033702,74,1997,2025,358455.86,32148.41,8551.34,47096.69,446252.3,6030.44
325,42101033800,85,1997,2025,475697.98,87279.96,14455,79937.66,657370.6,7733.77
326,42101033900,29,1997,2025,205897.62,28718.79,6688.2,25570.08,266874.69,9202.58
327,42101034000,35,1997,2025,356278.49,30109.34,10895.54,35682.02,432965.39,12370.44
328,42101034100,64,1997,2025,354007.36,24562.42,9071.35,34916.39,422557.52,6602.46
329,42101034200,187,2012,2025,421526.63,44484.57,3772.44,30989.77,500773.41,2677.93
330,42101034400,61,1978,2025,676397.92,102720.75,18463.7,109477.33,907059.7,14869.83
331,42101034501,9,2003,2025,42843.35,9066.01,771.03,4059.61,56740,6304.44
332,42101034502,167,2017,2025,255067.33,19763.27,4963.75,35608.37,315402.72,1888.64
333,42101034600,15,1986,2025,402487.87,27525.2,8474.45,20067.55,458555.07,30570.34
334,42101034701,54,1997,2025,235231.04,20309.37,5198.56,32650.03,293389,5433.13
335,42101034702,42,2006,2025,277506.42,24809.93,7587.06,23888.65,333792.06,7947.43
336,42101034801,45,1989,2025,272833.13,51938.6,11060.35,40698.47,376530.55,8367.35
337,42101034802,45,2002,2025,382117.29,37745.27,12074.89,46657.45,478594.9,10635.44
338,42101034803,50,1997,2025,239056.82,30423.75,7856.92,33014.91,310352.4,6207.05
339,42101034900,80,1996,2025,427143.32,42215.45,11628.08,71763.28,552750.13,6909.38
340,42101035100,61,1997,2025,359333.6,57926.51,14104.65,42451.27,473816.03,7767.48
341,42101035200,54,1997,2025,247927.47,39892.98,9962.77,42257.85,340041.07,6297.06
342,42101035301,59,1997,2025,304472.13,53005.45,10393.81,38683.4,406554.79,6890.76
343,42101035302,70,1990,2025,464990.72,101006.66,14737.57,59312.01,640046.96,9143.53
344,42101035500,71,1997,2025,550441.42,94261.54,17329.16,69823.7,731855.82,10307.83
345,42101035601,44,2010,2025,229157.81,22609.77,6660.3,25368.91,283796.79,6449.93
346,42101035602,23,2000,2025,139623.86,15213.08,2769.92,11858.3,169465.16,7368.05
347,42101035701,20,1997,2025,91333.4,12832.19,3393.91,13830.56,121390.06,6069.5
348,42101035702,23,2017,2025,120115.38,7055.74,3225.47,13497.02,143893.61,6256.24
349,42101035800,78,1979,2025,739455.55,110651.86,25316.54,57306.41,932730.36,11958.08
350,42101035900,52,1997,2025,499571.75,64226.14,14861.52,60291.21,638950.62,12287.51
351,42101036000,26,1997,2025,174786.66,21761.59,5444.79,24712.64,226705.68,8719.45
352,42101036100,26,2012,2025,82485.74,7867.67,3407.47,11992.4,105753.28,4067.43
353,42101036201,58,1985,2025,484336.41,48946.88,7070.93,51935.75,592289.97,10211.9
354,42101036202,51,2005,2025,221335.86,19104.86,7120.98,26042.28,273603.98,5364.78
355,42101036203,57,1978,2025,553088.64,202112.11,23201.07,56353.38,834755.2,14644.83
356,42101036301,42,2011,2025,856505.39,75833.01,27682.63,58152.77,1018173.8,24242.23
357,42101036302,47,2009,2025,234211.13,23453.56,7789.66,33563.11,299017.46,6362.07
358,42101036303,72,1997,2025,577290.61,89182.2,12060.36,50336.87,728870.04,10123.2
359,42101036400,6,1997,2025,76788.62,15477.72,2724.26,13512.33,108502.93,18083.82
360,42101036501,48,1994,2025,286115.8,34136.52,8533.01,32208.77,360994.1,7520.71
361,42101036502,33,1979,2025,210250.48,43958.15,7372.88,34603.14,296184.65,8975.29
362,42101036600,39,1978,2025,1693312.22,147787.81,51178.08,33619.59,1925897.7,49381.99
363,42101036700,104,1985,2025,1125492.27,109650.51,29446.79,78546.13,1343135.7,12914.77
364,42101036901,1,2025,2025,5516.2,124.11,110.32,107.45,5858.08,5858.08
365,42101036902,6,2020,2025,1358149.54,204407.75,55257.95,66256.63,1684071.87,280678.65
366,42101037200,109,2000,2025,749407.09,78418.91,18409.6,65467.99,911703.59,8364.25
367,42101037300,64,2002,2025,1142045.67,83761.17,26486.77,62214.12,1314507.73,20539.18
368,42101037500,51,1998,2025,546146.67,66833.8,13592.31,38291.39,664864.17,13036.55
369,42101037600,103,1991,2025,2995887.27,238407.65,110732.65,153230.77,3498258.34,33963.67
370,42101037700,227,1978,2025,1023227.12,206269.87,36195.32,273092.7,1538785.01,6778.79
371,42101037800,175,1978,2025,1755826.59,184785.29,52664.92,186283.25,2179560.05,12454.63
372,42101037900,196,1997,2025,948884.27,133502.37,29064.61,133767.69,1245218.94,6353.16
373,42101038000,175,1989,2025,582812.32,189408.88,23019.17,161779.73,957020.1,5468.69
374,42101038100,82,1990,2025,471796.16,84213.04,15834.97,72889.45,644733.62,7862.61
375,42101038200,199,1989,2025,1235993.22,226495.29,50131.77,163232,1675852.28,8421.37
376,42101038301,173,1978,2025,507354.51,181433.62,21854.97,148604.23,859247.33,4966.75
377,42101038400,22,2013,2025,205976.13,9188.28,3456.64,13099.87,231720.92,10532.77
378,42101038500,31,2019,2025,520604.85,44435.41,19562.29,39153.86,623756.41,20121.17
379,42101038600,10,2015,2025,118689.32,3387.23,1572.65,4355.32,128004.52,12800.45
380,42101038700,37,2011,2025,1434927.72,147207.82,55183,25951.54,1663270.08,44953.25
381,42101038800,101,1997,2025,662009.72,124525.34,28674.81,108150.54,923360.41,9142.18
382,42101038900,129,1978,2025,1037067.7,295718.31,35122.51,137852.75,1505761.27,11672.57
383,42101039001,52,2002,2025,219201.23,23347.95,6971.67,39800.08,289320.93,5563.86
384,42101039002,82,1997,2025,377374.91,45883.57,11992.16,44217.15,479467.79,5847.17
385,42101039100,101,1991,2025,513042.5,91652.27,21155.92,96012.62,721863.31,7147.16
386,42101980002,1,2025,2025,15919.03,358.17,318.38,107.45,16703.03,16703.03
387,42101980100,2,2006,2025,32687.77,15110,1921.17,8712.23,58431.17,29215.59
388,42101980200,1,2020,2025,2619.22,203.7,74.69,943.67,3841.28,3841.28
389,42101980300,3,1989,2025,33254.29,71642.01,2994.26,580.34,108470.9,36156.97
390,42101980600,1,2025,2025,9546.43,214.8,190.92,107.45,10059.6,10059.6
391,42101980701,6,2023,2025,262212.4,8133,6436.56,1011.92,277793.88,46298.98
392,42101980702,9,2018,2025,188006.62,13914.59,8173.68,10412.32,220507.21,24500.8
393,42101980901,21,1997,2025,434639.49,63576.47,18170.55,28350.9,544737.41,25939.88
394,42101980902,1,2019,2025,718.11,145.74,33.42,843.14,1740.41,1740.41
395,42101980903,10,1997,2025,27010.09,9675.41,1165.53,21690.93,59541.96,5954.2
396,42101980904,3,1988,2025,9203.95,3696.41,319.28,2659.93,15879.57,5293.19
397,42101980905,1,2020,2025,23419.62,4350.15,1204.96,594.7,29569.43,29569.43
398,42101980906,5,2017,2025,77244.03,6330.58,3326.32,3189.78,90090.71,18018.14
399,42101989100,4,2025,2025,21062.19,318.48,283.1,322.35,21986.12,5496.53
400,42101989200,5,2018,2025,178971.27,20767.7,6715.35,4188.96,210643.28,42128.66
401,42101989300,19,1989,2025,143238.53,26615.09,6719.91,19823.04,196396.57,10336.66
402,Other/Unidentified,80,1978,2025,241497.26,195827.37,13127.51,67753.11,518205.25,6477.57
